Year,Month,Day,Site,Plot,Canopy,Species,Rep,Area,LCPT,LSP,Am,Am_SE,AQY,AQY_SE,Rd_Q,Rd_Q_SE,Theta,Theta_SE,satval,cval,AvgTair,AvgTleaf,AvgTBlk,Avg7dPAR,AvgSM
2016,5,3,RF,2,Open,Acsa,N5,6,20.97024,154.2833,5.1685,0.09415,0.04558,0.00333,0.91924,0.06274,0.81561,0.04561,y,n,20.87886364,22.10272727,21.87045455,327.9460317,NA
2016,5,3,RF,2,Open,Quru,N1,2.81,NA,NA,2.43115,0.30637,0.02406,0.01094,2.7064,0.22459,0.90183,0.19954,y,n,20.87886364,23.43954545,24.37136364,327.9460317,NA
2016,5,3,RF,3,Open,Acsa,N4,5.5,20.38535,134.3478,5.560706,0.154199,0.045597,0.004778,0.910977,0.106317,0.896192,0.047291,y,n,20.87886364,21.86636364,22.23409091,327.9460317,NA
2016,5,3,RF,7,Acsa,Acsa,N2,6,10.94439,536.3811,3.52416,0.4501,0.09032,0.11078,0.54678,0.19565,-3.39859,6.94944,n,n,20.87886364,18.58863636,18.81318182,327.9460317,NA
2016,5,3,RF,7,Acsa,Acsa,N5,6,20.68568,147.983,5.89066,0.07814,0.05223,0.00275,1.04253,0.05352,0.8311,0.03033,y,n,20.87886364,21.69090909,21.73681818,327.9460317,NA
2016,5,3,RF,9,Acsa,Acsa,S10,6,22.40613,202.7605,5.270354,0.137322,0.057431,0.007067,1.150531,0.091042,0.575879,0.118836,y,n,20.87886364,16.81863636,16.89409091,327.9460317,NA
2016,5,5,GR,12,Open,Acsa,S8,3.77,35.84758,121.7393,4.658213,0.223066,0.042152,0.007125,1.465252,0.165056,0.931872,0.059542,y,n,22.21238636,23.17409091,24.26227273,342.4301587,24
2016,5,5,GR,16,Acsa,Acsa,S6,2.18,NA,NA,4.07127,0.36545,0.04173,0.0197,2.57207,0.21555,0.28289,0.64416,y,n,22.21238636,21.97318182,23.11363636,342.4301587,22.05
2016,5,5,GR,17,Acsa,Acsa,N1,3.13,40.33238,133.0595,2.1926,0.33313,0.01845,0.01099,0.7197,0.26736,0.9302,0.20985,y,y,22.21238636,23.01318182,23.35090909,342.4301587,14.95
2016,5,9,SF,19,Open,Acsa,N2,6,15.34699,67.60763,2.92685,0.57039,0.03996,0.02736,0.60728,0.48297,0.96269,0.20569,y,y,22.60295455,19.60454545,19.85,335.7238095,26.2
2016,5,9,SF,19,Open,Quru,S8,6,47.60755,129.0749,3.03062,0.079199,0.035168,0.003258,1.519516,0.060024,0.898738,0.042067,y,n,22.60295455,21.91545455,22.15863636,335.7238095,16.4
2016,5,9,SF,20,Open,Quru,S10,5.46,NA,187.2777,3.328816,0.074254,0.027194,0.002346,1.382565,0.050132,0.864448,0.044858,y,n,22.60295455,25.94,26.23181818,335.7238095,15.9
2016,5,9,SF,26,Acsa,Acsa,S6,6,14.66716,84.58703,2.941046,0.154144,0.043751,0.008775,0.618683,0.120875,0.860337,0.101502,y,n,22.60295455,21.96636364,22.49545455,335.7238095,27.7
2016,5,9,SF,26,Acsa,Quru,N1,5.87,NA,252.2426,2.13886,0.19889,0.018,0.00633,1.46136,0.1374,0.88776,0.16647,y,n,22.60295455,22.47954545,22.67318182,335.7238095,31.1
2016,5,9,SF,27,Acsa,Acsa,N4,6,14.36467,76.68379,2.647293,0.118954,0.052601,0.009507,0.70573,0.096083,0.805614,0.110842,y,n,22.60295455,22.49681818,23.15227273,335.7238095,25.5
2016,5,13,RF,4,Quru,Acsa,S6,6,14.54962,151.0916,5.383156,0.076872,0.057771,0.003569,0.800479,0.053002,0.713445,0.047745,y,n,21.98597403,22.375,22.61818182,278.8190476,17.4
2016,5,13,RF,5,Quru,Quru,N4,6,37.97373,174.8311,4.759784,0.139936,0.041495,0.004915,1.461297,0.093749,0.823232,0.070978,y,n,21.98597403,20.64636364,21.74590909,278.8190476,20.85
2016,5,13,RF,5,Quru,Quru,S93,6,19.96728,181.3915,4.75557,0.12567,0.05456,0.00675,0.98751,0.08532,0.60593,0.11415,y,n,21.98597403,21.73136364,21.975,278.8190476,20.55
2016,5,13,RF,6,Quru,Quru,S112,2.46,NA,122.1572,1.852339,0.164852,0.022138,0.007124,1.158968,0.138099,0.936955,0.116107,y,y,21.98597403,19.75863636,20.32090909,278.8190476,25.95
2016,5,13,RF,7,Acsa,Acsa,S8,6,13.52581,101.5782,3.907201,0.162203,0.043548,0.006755,0.577139,0.119578,0.881219,0.075657,y,n,21.98597403,24.03954545,24.50818182,278.8190476,22.5
2016,5,13,RF,7,Acsa,Acsa,S9,6,13.95001,94.74141,3.873486,0.139306,0.062555,0.009438,0.823342,0.108405,0.778156,0.096982,y,n,21.98597403,24.05227273,24.31681818,278.8190476,23.3
2016,5,13,RF,9,Acsa,Acsa,S10,6,11.71273,149.0401,5.223523,0.155202,0.062149,0.008438,0.691027,0.107353,0.649712,0.117908,y,n,21.98597403,18.23090909,19.17545455,278.8190476,22.05
2016,5,16,GR,12,Open,Quru,N3,6,NA,271.2595,4.296474,0.161418,0.043224,0.007436,1.875124,0.106177,0.643056,0.149112,y,n,23.44212121,24.75772727,25.385,208.8190476,19.85
2016,5,16,GR,13,Quru,Acsa,N2,5.86,20.41028,80.09998,1.953032,0.121133,0.023092,0.004303,0.465495,0.088023,0.960058,0.062067,n,n,23.44212121,24.81363636,25.39136364,208.8190476,19.35
2016,5,16,GR,15,Quru,Acsa,S7,6,16.6751,166.4663,2.619296,0.107278,0.038605,0.008006,0.565781,0.077434,0.499858,0.213267,y,n,23.44212121,18.53409091,19.20863636,208.8190476,16.9
2016,5,16,GR,16,Acsa,Acsa,S6,6,19.66103,155.5937,4.18024,0.21394,0.04757,0.01077,0.86745,0.14996,0.70154,0.17522,y,n,23.44212121,21.31318182,21.91318182,208.8190476,15.45
2016,5,16,GR,16,Acsa,Quru,S7,5.17,NA,135.1326,2.824148,0.26642,0.029131,0.008291,2.218547,0.208571,0.973214,0.071212,y,n,23.44212121,29.73,29.98136364,208.8190476,14.65
2016,5,16,GR,16,Acsa,Quru,S8,6,38.26874,227.704,3.457996,0.15311,0.039022,0.008085,1.225921,0.103757,0.602842,0.1908,y,n,23.44212121,18.84681818,19.76409091,208.8190476,17.1
2016,5,18,SF,19,Open,Acsa,N2,6,20.38343,90.45281,1.67792,0.16861,0.02724,0.01092,0.5178,0.135,0.83798,0.20306,y,n,20.72550505,26.88636364,27.15136364,180.9222222,24.5
2016,5,18,SF,19,Open,Acsa,S6,6,26.10322,118.9974,2.483622,0.150551,0.027969,0.006556,0.692689,0.110763,0.860393,0.121421,y,n,20.72550505,24.70363636,24.59363636,180.9222222,21.05
2016,5,18,SF,19,Open,Quru,S8,6,25.80446,173.2196,3.53962,0.36876,0.02959,0.0121,0.72609,0.24376,0.79979,0.26897,y,n,20.72550505,27.10454545,27.57272727,180.9222222,20.3
2016,5,18,SF,25,Acsa,Acsa,N3,6,7.344291,49.14286,1.90132,0.22979,0.03281,0.0123,0.24017,0.19742,0.9762,0.07021,y,n,20.72550505,15.91272727,16.44636364,180.9222222,30.9
2016,5,18,SF,26,Acsa,Acsa,S6,6,8.037131,48.63448,1.931413,0.122147,0.041249,0.008646,0.32612,0.103053,0.918395,0.081407,y,n,20.72550505,17.17409091,17.44545455,180.9222222,28.65
2016,5,18,SF,26,Acsa,Quru,N1,6,5.781518,235.099,2.61614,0.1136,0.08284,0.0362,0.35112,0.07957,-1.34817,1.3872,y,n,20.72550505,16.18136364,16.92954545,180.9222222,28.65
2016,5,18,SF,26,Acsa,Quru,S9,5.76,23.63175,92.86311,2.166006,0.106525,0.036238,0.007004,0.784653,0.08487,0.839093,0.103501,y,n,20.72550505,17.89636364,18.35681818,180.9222222,29.4
2016,5,18,SF,27,Acsa,Acsa,N4,6,NA,33.84908,1.48751,0.60596,0.03359,0.02669,0.41266,0.55181,1.01482,0.10164,y,y,20.72550505,19.21227273,19.37409091,180.9222222,23.3
2016,5,18,SF,27,Acsa,Acsa,S7,5.03,12.6413,55.13184,1.74542,0.14835,0.04325,0.01387,0.51623,0.1252,0.85941,0.1571,y,n,20.72550505,19.09363636,19.60090909,180.9222222,25
2016,5,19,RF,4,Quru,Acsa,S6,6,6.721425,94.60366,4.06978,0.17366,0.0717,0.01346,0.46267,0.13416,0.67515,0.15093,y,n,22.58853535,23.69727273,23.74363636,271.2,20.05
2016,5,19,RF,5,Quru,Quru,N4,6,20.81306,109.8687,4.063201,0.117332,0.048727,0.005481,0.969357,0.087235,0.852502,0.05985,y,n,22.58853535,20.99181818,21.16681818,271.2,16.15
2016,5,19,RF,5,Quru,Quru,S91,6,28.91566,92.87228,3.08002,0.08523,0.03623,0.00337,1.01628,0.0651,0.93714,0.03467,y,n,22.58853535,23.98772727,23.91,271.2,17.4
2016,5,19,RF,5,Quru,Quru,S93,6,6.817776,46.17713,2.97529,0.46843,0.07044,0.03816,0.47116,0.40218,0.89752,0.24925,y,n,22.58853535,21.74590909,21.56818182,271.2,20.05
2016,5,19,RF,6,Quru,Quru,S112,3.79,18.19681,115.0666,1.701549,0.148587,0.017192,0.005578,0.304883,0.108237,0.880526,0.157022,y,n,22.58853535,18.49136364,19.33045455,271.2,21.8
2016,5,19,RF,7,Acsa,Acsa,S8,6,6.06019,110.7137,4.15293,0.1954,0.11085,0.03204,0.59654,0.15332,0.24809,0.4061,y,n,22.58853535,24.94227273,24.88454545,271.2,17.15
2016,5,19,RF,7,Acsa,Acsa,S9,6,13.43161,113.6495,3.480482,0.17545,0.044309,0.009315,0.57062,0.129249,0.780906,0.137647,y,n,22.58853535,20.43545455,21.48454545,271.2,13
2016,5,19,RF,7,Acsa,Quru,S2New,6,31.08935,137.7523,4.010314,0.112503,0.034518,0.003615,1.035737,0.079643,0.896287,0.046544,y,n,22.58853535,22.62363636,22.07227273,271.2,19.35
2016,5,19,RF,9,Acsa,Acsa,S9,6,5.320073,71.69551,2.77464,0.2168,0.06397,0.02258,0.32649,0.17853,0.68286,0.27223,y,n,22.58853535,25.34545455,25.57545455,271.2,18.85
2016,5,23,GR,13,Quru,Acsa,N2,6,NA,32.25052,1.53572,0.31179,0.03454,0.01067,0.21915,0.27938,1.02098,0.02693,y,y,25.07368687,20.27681818,20.345,128.7793651,16.4
2016,5,23,GR,14,Quru,Acsa,S6,5.02,10.3777,58.37653,1.50971,0.11079,0.06547,0.0261,0.55705,0.09551,0.62433,0.33203,y,n,25.07368687,24.69045455,24.59363636,128.7793651,14.2
2016,5,23,GR,15,Quru,Acsa,S7,6,16.77608,66.30647,2.42565,0.24023,0.0381,0.01274,0.6254,0.19444,0.93648,0.11913,y,n,25.07368687,28.89636364,28.79045455,128.7793651,12.75
2016,5,23,GR,16,Acsa,Acsa,S6,6,4.108075,68.30382,3.04475,0.16189,0.12668,0.04282,0.46234,0.13529,0.29859,0.45446,y,n,25.07368687,22.32681818,22.71,128.7793651,9.5
2016,5,23,GR,16,Acsa,Quru,S7,6,15.81547,107.8351,4.339852,0.245427,0.045548,0.009578,0.704747,0.180007,0.885703,0.099581,y,n,25.07368687,24.31272727,24.14954545,128.7793651,10.25
2016,5,23,GR,16,Acsa,Quru,S8,6,15.28095,110.2321,4.9117,0.32177,0.04992,0.01222,0.74757,0.23335,0.88661,0.11572,y,n,25.07368687,22.165,22.43545455,128.7793651,6.1
2016,5,23,GR,18,Acsa,Acsa,N1,6,11.26257,88.79154,3.49237,0.17505,0.06128,0.01414,0.65351,0.13962,0.75634,0.14045,y,n,25.07368687,26.82409091,26.57136364,128.7793651,7.8
2016,5,23,GR,18,Acsa,Acsa,N4,6,11.0819,100.233,3.32099,0.33697,0.07273,0.03548,0.7217,0.27161,0.57935,0.46292,y,n,25.07368687,28.80772727,28.42227273,128.7793651,11
2016,5,24,RF,2,Open,Acsa,N3,6,13.42675,62.27149,2.637258,0.23693,0.031752,0.006098,0.427457,0.172345,1.013672,0.038286,n,n,26.50809091,29.49863636,29.49409091,202.5492063,18.85
2016,5,24,RF,4,Quru,Acsa,S6,6,4.034274,55.35195,3.52135,0.32802,0.08077,0.02995,0.31982,0.274,0.81081,0.21362,y,n,26.50809091,21.685,21.53590909,202.5492063,13.95
2016,5,24,RF,5,Quru,Quru,N4,6,10.45271,78.35224,4.44023,0.37602,0.05375,0.01531,0.55708,0.28801,0.94014,0.10489,y,n,26.50809091,20.77272727,20.70954545,202.5492063,13.95
2016,5,24,RF,5,Quru,Quru,S91,6,16.44577,65.22824,3.73676,0.32903,0.04894,0.01234,0.80149,0.24439,0.98459,0.06739,n,n,26.50809091,26.94727273,26.82,202.5492063,18.35
2016,5,24,RF,5,Quru,Quru,S93,6,11.01786,81.89885,4.35962,0.33434,0.04595,0.0106,0.50421,0.25989,0.9693,0.06384,y,n,26.50809091,23.82454545,23.45045455,202.5492063,14.9
2016,5,24,RF,6,Quru,Quru,S112,5.2,5.112092,91.90284,3.75669,0.27828,0.05629,0.01849,0.28229,0.22055,0.76207,0.1985,y,n,26.50809091,28.18863636,28.46045455,202.5492063,14.45
2016,5,24,RF,7,Acsa,Acsa,S8,6,5.128709,65.35196,3.628016,0.316468,0.043203,0.009761,0.221502,0.249197,0.994804,0.054372,y,n,26.50809091,25.69545455,25.48045455,202.5492063,15.7
2016,5,24,RF,7,Acsa,Quru,S2New,6,8.701257,111.5778,4.27016,0.40857,0.06205,0.02627,0.51823,0.29128,0.69658,0.37065,y,n,26.50809091,27.95181818,27.79545455,202.5492063,15.15
2016,5,24,RF,8,Acsa,Quru,N3,6,NA,234.1069,4.22391,0.108441,0.050849,0.005191,2.907207,0.079557,0.826192,0.060387,y,n,26.50809091,30.18136364,30.27863636,202.5492063,13.7
2016,5,24,RF,9,Acsa,Acsa,S9,6,8.926881,130.4973,3.3235,0.2934,0.1531,0.1276,0.8965,0.237,-0.4186,1.8224,y,n,26.50809091,31.71590909,31.36181818,202.5492063,19.35
2016,6,9,SF,19,Open,Acsa,N2,6,4.345291,35.68902,3.26603,0.15754,0.08089,0.01142,0.34983,0.13756,0.96036,0.04219,y,n,20.59113636,23.21909091,23.09272727,45.20793651,19.6
2016,6,9,SF,19,Open,Acsa,S6,6,3.007067,41.28659,2.87951,0.28175,0.06089,0.01731,0.18258,0.24358,0.95719,0.0811,y,n,20.59113636,21.14363636,21.20136364,45.20793651,14.15
2016,6,9,SF,19,Open,Quru,S8,6,6.29751,225.3864,6.50661,0.18362,0.08039,0.01249,0.47648,0.11358,0.20851,0.22944,y,n,20.59113636,23.07863636,23.20409091,45.20793651,18.35
2016,6,9,SF,23,Quru,Quru,S8,6,2.648549,71.63374,4.46007,0.25257,0.15483,0.05204,0.38602,0.21587,0.3422,0.35063,y,n,20.59113636,21.08045455,21.28136364,45.20793651,23.05
2016,6,9,SF,25,Acsa,Acsa,N3,6,1.71856,19.48629,1.34416,0.21007,0.05302,0.01654,0.09111,0.18991,0.99934,0.03299,y,n,20.59113636,18.97909091,18.8,45.20793651,22.8
2016,6,9,SF,26,Acsa,Acsa,S6,6,NA,16.73812,1.85515,0.26434,0.1042,0.05473,-0.03528,0.2473,0.91061,0.20213,y,y,20.59113636,20.61,20.60909091,45.20793651,27.7
2016,6,9,SF,26,Acsa,Quru,N1,6,3.89131,64.49177,3.51142,0.24602,0.06816,0.01908,0.26124,0.1984,0.81073,0.16838,y,n,20.59113636,19.06909091,19.39045455,45.20793651,29.2
2016,6,9,SF,26,Acsa,Quru,S9,6,1.852405,83.27323,4.31802,0.27163,0.04981,0.01106,0.0921,0.205,0.91194,0.09462,y,n,20.59113636,19.66863636,20.03727273,45.20793651,24.75
2016,6,9,SF,27,Acsa,Acsa,N4,6,0.04911594,94.75143,2.531646,0.412794,0.031871,0.025205,0.001565,0.308167,0.803462,0.407497,y,n,20.59113636,18.82454545,18.97863636,45.20793651,18.85
2016,6,13,GR,11,Open,Quru,N2,6,3.026464,121.3876,5.68908,0.27947,0.05231,0.01005,0.15763,0.19354,0.8476,0.10621,y,n,22.62090909,24.67636364,25.14545455,11.23968254,4.85
2016,6,13,GR,13,Quru,Acsa,N2,5.82,2.27694,33.82993,2.58697,0.33028,0.08813,0.04285,0.19821,0.28837,0.8504,0.23187,y,n,22.62090909,24.36136364,24.41045455,11.23968254,7.6
2016,6,13,GR,14,Quru,Acsa,S6,5.49,2.949005,24.71854,1.507863,0.12156,0.048143,0.009786,0.141887,0.109649,0.99406,0.024006,y,n,22.62090909,19.44090909,19.81727273,11.23968254,7.6
2016,6,13,GR,15,Quru,Acsa,S7,6,2.379175,58.36743,2.7796,0.1673,0.2255,0.1236,0.4307,0.1497,-0.3403,0.871,y,n,22.62090909,20.24,20.18681818,11.23968254,4.6
2016,6,13,GR,16,Acsa,Acsa,S6,6,7.344399,47.93747,3.7229,0.5374,0.1455,0.1115,0.9681,0.466,0.7053,0.4208,n,n,22.62090909,22.06727273,21.99772727,11.23968254,4.1
2016,6,13,GR,16,Acsa,Quru,N2,6,0.4318506,251.9644,5.69487,0.54073,0.23573,0.31123,0.09505,0.36144,-3.18186,6.68534,y,n,22.62090909,23.10363636,23.11181818,11.23968254,3.85
2016,6,13,GR,16,Acsa,Quru,S7,6,2.435519,81.10675,4.99538,0.51788,0.05336,0.01774,0.1298,0.39712,0.95324,0.10721,y,n,22.62090909,22.76090909,22.79954545,11.23968254,3.15
2016,6,13,GR,16,Acsa,Quru,S8,6,1.405349,68.17344,4.63845,0.44582,0.0537,0.01416,0.07544,0.34765,0.9848,0.07068,y,n,22.62090909,21.14681818,21.32045455,11.23968254,3.35
2016,6,20,RF,4,Quru,Acsa,S6,6,3.273235,36.9967,3.24991,0.61645,0.07742,0.0566,0.25247,0.53304,0.95643,0.22848,y,n,29.16585859,30.55318182,30.18045455,36.87460317,12.5
2016,6,20,RF,5,Quru,Quru,N4,6,3.463125,113.175,6.2139,0.4937,0.0518,0.015,0.179,0.3506,0.9212,0.1134,y,n,29.16585859,30.60045455,30.81727273,36.87460317,9.75
2016,6,20,RF,5,Quru,Quru,S91,6,7.581986,102.1712,4.00039,0.24379,0.04852,0.01168,0.36151,0.18115,0.8222,0.14157,y,n,29.16585859,31.60636364,31.50454545,36.87460317,14.15
2016,6,20,RF,5,Quru,Quru,S93,6,0.6383697,130.7741,5.135214,0.227693,0.050651,0.008656,0.032286,0.134366,0.763246,0.130237,n,n,29.16585859,31.14318182,30.70272727,36.87460317,9.5
2016,6,20,RF,6,Quru,Acsa,N2,5.33,3.821844,20.48467,1.54659,0.56095,0.07096,0.09264,0.26848,0.50955,0.95194,0.30324,y,n,29.16585859,26.43,25.92727273,36.87460317,13.95
2016,6,20,RF,6,Quru,Quru,S112,6,7.691812,46.88827,2.7618,0.23902,0.05302,0.01387,0.40507,0.20414,0.9609,0.06816,y,n,29.16585859,28.57272727,28.54727273,36.87460317,11.75
2016,6,20,RF,7,Acsa,Acsa,S8,6,0.7522653,51.37185,3.30808,0.39991,0.06552,0.02826,0.0492,0.32771,0.88568,0.20514,y,n,29.16585859,29.01909091,28.59045455,36.87460317,10.75
2016,6,20,RF,7,Acsa,Quru,S2New,6,3.75063,66.23455,3.684524,0.299946,0.044308,0.009687,0.166068,0.219246,0.985489,0.060507,n,n,29.16585859,29.59954545,29.51409091,36.87460317,11.25
2016,6,20,RF,9,Acsa,Acsa,S9,6,2.208972,31.59254,2.32721,0.42102,0.05835,0.02639,0.12882,0.37721,0.98853,0.11615,n,y,29.16585859,27.22863636,26.56727273,36.87460317,13.7
2016,6,21,SF,23,Quru,Quru,S8,6,0.8685318,48.53179,2.74509,0.33824,0.05068,0.02079,0.04397,0.28339,0.93857,0.12941,y,n,23.19742424,21.89045455,21.82590909,58.58095239,17.6
2016,6,21,SF,25,Acsa,Acsa,N3,6,1.258832,34.23856,1.7342,0.50363,0.08854,0.14662,0.10861,0.46088,0.60726,1.34634,y,y,23.19742424,21.68363636,21.94909091,58.58095239,22.05
2016,6,21,SF,26,Acsa,Acsa,S6,6,2.460501,36.21772,1.97247,0.29904,0.04293,0.0163,0.10556,0.26942,0.98993,0.07363,n,y,23.19742424,23.03590909,23.58318182,58.58095239,22.3
2016,6,21,SF,26,Acsa,Quru,N1,6,2.694672,54.36701,3.63389,0.39879,0.06753,0.02562,0.18101,0.33186,0.89871,0.15845,y,n,23.19742424,23.21727273,23.30136364,58.58095239,22.55
2016,6,21,SF,26,Acsa,Quru,S9,5.86,0.5754972,300.7316,5.78805,0.99417,0.15062,0.30646,0.08298,0.6928,-2.06886,7.67795,n,y,23.19742424,24.245,24.38954545,58.58095239,23.3
2016,6,21,SF,27,Acsa,Acsa,N4,6,2.877729,40.41125,2.284426,0.167578,0.047668,0.009907,0.136901,0.145229,0.968571,0.050736,y,n,23.19742424,24.46272727,24.36227273,58.58095239,13.2
2016,6,22,GR,11,Open,Quru,N2,6,1.866907,105.3225,5.819272,0.31103,0.048649,0.009198,0.090744,0.22667,0.945185,0.060645,y,n,26.18609091,24.48318182,24.97318182,9.057142856,3.35
2016,6,22,GR,13,Quru,Acsa,N2,5.42,NA,30.78883,2.07531,0.20309,0.06106,0.02002,-0.13827,0.17866,0.91448,0.11494,y,n,26.18609091,25.25136364,25.095,9.057142856,4.6
2016,6,22,GR,14,Quru,Acsa,S6,5.18,4.419736,58.22166,1.55196,0.21294,0.07254,0.06793,0.28169,0.18576,0.37706,0.99948,n,y,26.18609091,29.41272727,29.14681818,9.057142856,4.6
2016,6,22,GR,15,Quru,Acsa,S7,6,6.941182,39.55212,2.26976,0.40244,0.0479,0.02112,0.33153,0.34322,0.98338,0.09151,n,n,26.18609091,28.88045455,28.77545455,9.057142856,3.6
2016,6,22,GR,16,Acsa,Acsa,S6,6,3.473677,41.20087,2.171571,0.162695,0.042972,0.008769,0.149063,0.141015,0.980952,0.039184,y,n,26.18609091,27.82954545,27.72363636,9.057142856,3.1
2016,6,22,GR,16,Acsa,Quru,N2,6,4.193452,88.71727,4.37628,0.34034,0.04724,0.01257,0.19735,0.25715,0.91909,0.10905,y,n,26.18609091,26.03227273,25.99363636,9.057142856,3.85
2016,6,22,GR,16,Acsa,Quru,S7,6,1.069108,70.1119,3.8719,0.44973,0.04371,0.01438,0.04672,0.34711,0.98323,0.08577,y,n,26.18609091,28.80590909,28.41545455,9.057142856,3.6
2016,6,22,GR,16,Acsa,Quru,S8,6,2.694342,78.2103,5.23468,0.61567,0.05732,0.02238,0.15424,0.48397,0.95812,0.11389,y,n,26.18609091,26.80136364,26.53045455,9.057142856,2.2
2016,6,22,GR,18,Acsa,Acsa,N1,6,2.000883,19.11289,1.47716,0.10117,0.06224,0.01041,0.12439,0.09142,0.9868,0.03059,y,n,26.18609091,22.71318182,22.45136364,9.057142856,1.95
2016,6,22,GR,18,Acsa,Acsa,N4,6,3.238074,44.56434,2.2785,0.8847,0.1219,0.3292,0.3587,0.8142,0.4607,2.5924,y,y,26.18609091,23.32181818,22.87409091,9.057142856,2.65
2016,6,23,SF,19,Open,Acsa,N2,6,1.517183,34.18122,2.18738,1.11777,0.0589,0.09802,0.08911,0.99631,0.93351,0.6174,n,y,23.23068182,22.47909091,22.38272727,62.11269842,19.6
2016,6,23,SF,19,Open,Acsa,S6,6,NA,37.33438,2.11624,0.64746,0.04158,0.02939,0.07963,0.5821,1.01078,0.09197,n,y,23.23068182,24.59272727,24.62818182,62.11269842,16.15
2016,6,23,SF,19,Open,Quru,S8,6,2.093406,18.98015,1.16872,0.21744,0.08819,0.07552,0.17762,0.19799,0.78004,0.45358,y,n,23.23068182,22.48909091,22.35,62.11269842,13.2
2016,6,23,SF,27,Acsa,Acsa,S7,5.25,4.311459,25.95329,2.03127,0.33637,0.06577,0.03123,0.28268,0.30755,0.98059,0.09727,n,y,23.23068182,23.30590909,23.62045455,62.11269842,11.25
2016,7,9,GR,11,Open,Quru,N2,6,3.735381,179.2585,6.97489,0.17506,0.0458,0.00414,0.17032,0.10797,0.82039,0.05894,y,n,22.79808696,27.05217391,26.99086957,10.32698413,10.75
2016,7,9,GR,13,Quru,Acsa,N2,5.85,1.823442,19.54789,0.90972,0.21763,0.04286,0.03272,0.07774,0.19631,0.9425,0.2346,y,n,22.79808696,22.34608696,22.25565217,10.32698413,11.95
2016,7,9,GR,15,Quru,Acsa,S7,6,2.125521,26.32514,1.6179,0.24202,0.05311,0.02387,0.11257,0.21359,0.96176,0.12367,y,n,22.79808696,21.80565217,21.97652174,10.32698413,11.75
2016,7,9,GR,16,Acsa,Acsa,S6,6,0.2629844,12.9529,1.09953,0.11748,0.06315,0.01303,0.01661,0.10918,1.00427,0.04941,y,n,22.79808696,21.68043478,21.52652174,10.32698413,13.7
2016,7,9,GR,16,Acsa,Quru,N2,6,0.1087075,69.04835,3.790678,0.261855,0.058731,0.016174,0.006383,0.20246,0.858454,0.142701,y,n,22.79808696,22.19173913,22.07478261,10.32698413,9
2016,7,9,GR,16,Acsa,Quru,S7,6,3.741001,97.7371,5.40019,0.30753,0.06368,0.01407,0.23647,0.22772,0.83834,0.12503,y,n,22.79808696,21.6873913,22.01869565,10.32698413,13.25
2016,7,9,GR,16,Acsa,Quru,S8,6,2.659348,110.8197,5.85823,0.58733,0.07017,0.02987,0.18517,0.42569,0.75994,0.29041,y,n,22.79808696,21.45391304,21.43217391,10.32698413,12.95
2016,7,9,GR,18,Acsa,Acsa,N1,6,2.023587,17.19873,1.36977,0.49859,0.08322,0.11265,0.16621,0.46891,0.90456,0.54695,y,y,22.79808696,22.9926087,22.71,10.32698413,7.8
2016,7,9,GR,18,Acsa,Acsa,N4,6,2.343775,57.03729,2.3518,0.69886,0.07352,0.11744,0.16721,0.62218,0.59999,1.2954,y,y,22.79808696,24.12043478,23.81565217,10.32698413,9.05
2016,7,10,SF,19,Open,Acsa,N2,6,5.080114,38.04858,2.11968,0.30685,0.05001,0.02017,0.25262,0.27048,0.95728,0.11646,y,n,25.19178261,28.99608696,28.79086957,38.34285714,17.15
2016,7,10,SF,19,Open,Acsa,S6,6,2.768695,54.52368,3.09352,0.28465,0.04603,0.0122,0.12732,0.23606,0.97887,0.06615,y,n,25.19178261,27.20173913,27.07478261,38.34285714,12.2
2016,7,10,SF,19,Open,Quru,S8,6,4.526853,140.2917,6.562701,0.126614,0.058501,0.004589,0.262596,0.085541,0.79616,0.050025,y,n,25.19178261,27.65173913,28.12434783,38.34285714,4.1
2016,7,10,SF,23,Quru,Quru,S8,6,4.927567,109.8914,3.93424,0.15458,0.08058,0.01612,0.37504,0.10905,0.44213,0.2349,n,n,25.19178261,26.3573913,26.4073913,38.34285714,7.55
2016,7,10,SF,25,Acsa,Acsa,N3,6,5.062197,27.05607,2.02541,0.53259,0.08906,0.08791,0.43679,0.49446,0.88295,0.38875,y,y,25.19178261,21.02434783,21.17434783,38.34285714,10.5
2016,7,10,SF,26,Acsa,Acsa,S6,6,0.9681092,34.7539,2.28984,0.31906,0.06121,0.02754,0.05915,0.27201,0.92653,0.1846,y,n,25.19178261,26.15695652,26.02913043,38.34285714,13.45
2016,7,10,SF,26,Acsa,Quru,N1,6,2.146918,54.98653,3.50421,0.28125,0.05996,0.01703,0.12836,0.23238,0.92406,0.09779,y,n,25.19178261,22.07869565,21.90608696,38.34285714,11.5
2016,7,10,SF,26,Acsa,Quru,S9,5.69,0.767054,98.10979,4.64078,1.0788,0.07108,0.09422,0.05432,0.87708,0.67319,0.93464,y,y,25.19178261,24.39695652,24.41217391,38.34285714,11.75
2016,7,10,SF,27,Acsa,Acsa,N4,6,1.805786,40.63474,2.204777,0.202313,0.041454,0.009391,0.074852,0.174735,0.997678,0.020187,n,n,25.19178261,25.10304348,25.16869565,38.34285714,7.3
2016,7,10,SF,27,Acsa,Acsa,S7,5.54,4.395751,27.99149,1.47137,0.21391,0.0482,0.02217,0.21026,0.18728,0.95448,0.14336,y,n,25.19178261,23.0773913,23.23,38.34285714,7.35
2016,7,11,RF,2,Open,Acsa,N5,6,3.102966,41.57616,2.3085,0.5757,0.04741,0.03528,0.14676,0.51871,0.96489,0.19212,y,y,27.08917391,28.06826087,27.97304348,41.5968254,7.05
2016,7,11,RF,2,Open,Acsa,S10,6,4.322209,36.28347,2.26406,0.29907,0.0558,0.02166,0.23994,0.25593,0.95635,0.12061,y,n,27.08917391,27.98565217,27.70652174,41.5968254,6.1
2016,7,11,RF,4,Quru,Acsa,S6,6,4.777944,69.59801,2.67019,0.29397,0.03946,0.01591,0.18708,0.23197,0.897,0.17711,y,n,27.08917391,27.62652174,27.4126087,41.5968254,6.1
2016,7,11,RF,4,Quru,Quru,N2,5.58,0.6146365,101.341,4.25783,0.40068,0.04362,0.01366,0.02679,0.26718,0.8739,0.17425,n,n,27.08917391,26.89478261,26.77913043,41.5968254,5.35
2016,7,11,RF,5,Quru,Quru,N4,6,1.613485,100.9812,5.54716,0.44223,0.05426,0.01574,0.0874,0.32608,0.89879,0.1264,y,n,27.08917391,24.1473913,23.70347826,41.5968254,6.35
2016,7,11,RF,5,Quru,Quru,S91,6,4.437153,97.0299,3.324022,0.20239,0.040905,0.009754,0.179706,0.15226,0.825358,0.137058,y,n,27.08917391,26.89304348,26.39173913,41.5968254,6.85
2016,7,11,RF,5,Quru,Quru,S93,6,0.06104437,68.10536,3.574437,0.317372,0.050547,0.016676,0.003085,0.228798,0.905524,0.142543,n,n,27.08917391,24.73869565,24.2573913,41.5968254,7.35
2016,7,11,RF,7,Acsa,Acsa,S8,6,3.637769,63.58503,2.63781,0.21602,0.04218,0.01247,0.15248,0.17311,0.89832,0.12926,y,n,27.08917391,29.69565217,29.21304348,41.5968254,7.35
2016,7,11,RF,7,Acsa,Quru,S2New,6,2.571701,71.64742,3.81751,0.40181,0.04867,0.01724,0.12489,0.31071,0.93469,0.13583,y,n,27.08917391,27.75347826,27.47043478,41.5968254,7.1
2016,7,11,RF,9,Acsa,Acsa,S9,6,3.47394,35.60523,2.04625,0.25712,0.04456,0.01352,0.15477,0.22558,0.99747,0.05105,n,y,27.08917391,30.42347826,29.92,41.5968254,8.05
2016,8,2,GR,11,Open,Quru,N2,6,4.961022,174.2955,7.10405,0.13112,0.05792,0.00453,0.28409,0.08077,0.72532,0.06128,y,n,27.54152174,30.05956522,30.09347826,10.20793651,5.6
2016,8,2,GR,13,Quru,Acsa,N2,5.97,NA,30.30024,1.586388,0.186814,0.03755,0.007426,0.093864,0.163608,1.019135,0.026389,n,y,27.54152174,26.64913043,26.08913043,10.20793651,6.1
2016,8,2,GR,15,Quru,Acsa,S7,6,2.52516,24.23242,1.38043,0.17862,0.04601,0.01566,0.11602,0.16032,0.9859,0.05712,y,n,27.54152174,24.05086957,23.24913043,10.20793651,5.6
2016,8,2,GR,16,Acsa,Acsa,S8,5.02,6.574971,39.32705,1.5886,0.14444,0.03833,0.01014,0.24949,0.12429,0.94602,0.09504,y,n,27.54152174,29.29217391,29.05347826,10.20793651,6.6
2016,8,2,GR,16,Acsa,Quru,N2,6,3.39929,126.0066,5.01929,0.18814,0.06645,0.01167,0.22202,0.13354,0.62582,0.15664,y,n,27.54152174,28.01347826,27.60652174,10.20793651,7.8
2016,8,2,GR,16,Acsa,Quru,S7,6,0.5564547,100.2176,5.0823,0.3573,0.04923,0.01277,0.02738,0.25888,0.90331,0.11234,y,n,27.54152174,28.95695652,28.52956522,10.20793651,5.1
2016,8,2,GR,16,Acsa,Quru,S8,6,4.804214,97.60373,5.22114,0.34619,0.05255,0.01225,0.25129,0.25986,0.90974,0.09597,y,n,27.54152174,27.07695652,26.75869565,10.20793651,6.6
2016,8,2,GR,18,Acsa,Acsa,N1,6,2.610364,23.56412,2.25108,0.23159,0.07667,0.02599,0.19992,0.21195,0.98838,0.11697,n,y,27.54152174,30.21826087,29.76347826,10.20793651,4.85
2016,8,2,GR,18,Acsa,Acsa,S6,6,2.288933,41.68078,2.01272,0.24714,0.04402,0.01772,0.10045,0.21182,0.93904,0.12548,y,n,27.54152174,30.98826087,30.65608696,10.20793651,4.6
2016,8,3,RF,2,Open,Acsa,N5,6,0.9808168,45.1165,2.52848,0.28438,0.04957,0.01784,0.04856,0.24038,0.94421,0.11332,y,n,27.82608696,30.49130435,30.0326087,37.90634921,7.6
2016,8,3,RF,2,Open,Acsa,S10,6,1.263584,53.06928,2.368522,0.169613,0.038568,0.008792,0.048686,0.136582,0.953189,0.078893,y,n,27.82608696,31.98869565,31.56913043,37.90634921,4.85
2016,8,3,RF,4,Quru,Acsa,S6,6,1.194902,28.82142,1.9804,0.35149,0.09948,0.08526,0.11685,0.30739,0.72528,0.50506,n,n,27.82608696,26.77782609,26.22391304,37.90634921,8.55
2016,8,3,RF,4,Quru,Quru,N2,5.77,NA,121.4398,4.081948,0.439703,0.027474,0.009965,-0.068174,0.293728,0.967313,0.113233,y,n,27.82608696,28.17,27.73782609,37.90634921,7.1
2016,8,3,RF,5,Quru,Quru,N4,6,3.363798,74.95089,4.40191,0.39817,0.0536,0.01635,0.17981,0.30575,0.93677,0.1145,y,n,27.82608696,23.35478261,23.1126087,37.90634921,8.05
2016,8,3,RF,5,Quru,Quru,S91,6,3.306674,50.66233,3.09123,0.29342,0.05727,0.01816,0.18853,0.2449,0.93049,0.11099,y,n,27.82608696,26.30956522,26.28434783,37.90634921,9.8
2016,8,3,RF,5,Quru,Quru,S93,6,2.330745,185.7998,4.6204,1.4605,0.1254,0.3741,0.2646,1.1941,-0.7265,6.6278,y,y,27.82608696,23.95695652,23.45434783,37.90634921,9.25
2016,8,3,RF,7,Acsa,Acsa,S8,6,3.360733,73.1223,3.10339,0.18107,0.05569,0.01339,0.18459,0.14364,0.78003,0.15711,y,n,27.82608696,29.89173913,29.98695652,37.90634921,8.3
2016,8,3,RF,7,Acsa,Quru,S2New,6,0.7575353,76.42709,3.808589,0.163162,0.045506,0.006594,0.034451,0.124581,0.929559,0.057493,y,n,27.82608696,28.29695652,28.17391304,37.90634921,9.25
2016,8,3,RF,9,Acsa,Acsa,S9,6,4.534969,67.33991,2.6155,0.1999,0.0444,0.0129,0.1989,0.1601,0.8539,0.1514,y,n,27.82608696,31.77478261,31.50869565,37.90634921,7.8
2016,8,4,SF,19,Open,Acsa,N2,6,4.898973,56.58343,3.49048,0.41424,0.04926,0.01902,0.24112,0.34938,0.98762,0.08287,n,y,29.11056522,25.1273913,25.16304348,NA,20.55
2016,8,4,SF,19,Open,Acsa,S6,6,7.76454,55.4177,3.46916,0.21112,0.0594,0.01137,0.45717,0.18021,0.94122,0.057,y,n,29.11056522,25.58913043,24.9626087,NA,12
2016,8,4,SF,19,Open,Quru,N1,5.27,8.280374,81.93448,3.16951,0.22961,0.03906,0.01007,0.32028,0.17358,0.91232,0.11188,y,n,29.11056522,30.63956522,30.59217391,NA,19.1
2016,8,4,SF,19,Open,Quru,S8,6,7.959373,120.4826,6.627395,0.239155,0.054529,0.007225,0.431326,0.168295,0.910422,0.055348,y,n,29.11056522,27.84173913,27.96434783,NA,7.8
2016,8,4,SF,23,Quru,Quru,S8,6,2.394607,109.2237,4.18561,0.1864,0.06224,0.01261,0.1471,0.13724,0.63744,0.18114,y,n,29.11056522,29.06565217,28.76652174,NA,7.8
2016,8,4,SF,25,Acsa,Acsa,N3,6,4.760684,36.62293,2.15597,0.23709,0.05222,0.01663,0.24733,0.20151,0.96045,0.10497,y,n,29.11056522,29.37695652,29.24086957,NA,13.45
2016,8,4,SF,26,Acsa,Acsa,S6,6,0.8336263,44.05675,2.39504,0.22511,0.04778,0.0147,0.0398,0.19033,0.94605,0.09276,y,n,29.11056522,30.18043478,30.00565217,NA,13.2
2016,8,4,SF,26,Acsa,Quru,N1,6,4.628392,94.15681,4.759529,0.134511,0.058624,0.006616,0.268763,0.0996,0.840169,0.063203,y,n,29.11056522,30.97956522,30.81347826,NA,15.9
2016,8,4,SF,27,Acsa,Acsa,N4,6,2.803361,45.04688,2.05658,0.3186,0.0377,0.01645,0.10553,0.27272,0.97438,0.09443,y,n,29.11056522,32.05956522,31.71,NA,8.75
2016,8,4,SF,27,Acsa,Acsa,S7,5.52,5.286876,53.23886,1.90031,0.11816,0.04382,0.0102,0.2267,0.09875,0.83783,0.13049,y,n,29.11056522,31.80695652,32.03,NA,7.1
2016,8,15,RF,2,Open,Acsa,N5,6,1.506238,31.47927,1.44655,0.20524,0.04116,0.01811,0.06184,0.17656,0.94417,0.16497,y,n,25.26763975,24.61478261,24.16956522,NA,NA
2016,8,15,RF,2,Open,Acsa,S10,6,4.361289,44.45224,1.21977,0.14172,0.06426,0.04254,0.24961,0.12499,0.52269,0.55454,y,n,25.26763975,26.09086957,25.70869565,NA,NA
2016,8,15,RF,2,Open,Quru,N1,6,5.591052,79.15459,2.012587,0.092369,0.03924,0.008035,0.212272,0.072916,0.715448,0.152741,y,n,25.26763975,26.7226087,26.39956522,NA,NA
2016,8,15,RF,5,Quru,Quru,S91,6,4.418298,52.83491,2.64045,0.17745,0.05223,0.01213,0.22851,0.14815,0.89509,0.10189,y,n,25.26763975,26.75869565,26.22391304,NA,NA
2016,8,15,RF,7,Acsa,Acsa,S8,6,4.366544,57.7149,2.587545,0.113255,0.056912,0.009589,0.243753,0.094137,0.812343,0.100664,y,n,25.26763975,25.17304348,25.28391304,NA,NA
2016,8,15,RF,7,Acsa,Quru,S2New,6,5.126505,114.649,4.053202,0.106656,0.06066,0.007335,0.301956,0.07943,0.629037,0.106429,y,n,25.26763975,25.80826087,26.05304348,NA,NA
2016,8,15,RF,9,Acsa,Acsa,S9,6,3.268588,26.12787,1.65816,0.56244,0.07347,0.09911,0.2351,0.51997,0.87057,0.59753,y,y,25.26763975,23.40130435,23.12695652,NA,NA
2016,8,23,GR,11,Open,Quru,N2,6,2.302728,123.4271,6.644985,0.285489,0.058473,0.008441,0.134253,0.215286,0.857763,0.075551,y,n,24.35603865,21.59217391,21.60217391,NA,NA
2016,8,23,GR,13,Quru,Acsa,N2,5.73,0.9442496,38.05917,1.466007,0.136312,0.031917,0.008218,0.030118,0.118482,0.968451,0.062963,y,n,24.35603865,26.31695652,25.99521739,NA,NA
2016,8,23,GR,15,Quru,Acsa,S7,6,4.017293,44.35269,2.34766,0.09636,0.07307,0.01302,0.28501,0.0815,0.78356,0.11404,y,n,24.35603865,26.48565217,26.36304348,NA,NA
2016,8,23,GR,16,Acsa,Acsa,S8,4.82,0.6914832,34.60831,1.375027,0.148355,0.030348,0.008296,0.020984,0.135175,0.995654,0.040597,n,y,24.35603865,25.73869565,25.4726087,NA,NA
2016,8,23,GR,16,Acsa,Quru,N2,6,1.307843,166.0003,6.220415,0.172717,0.048155,0.005482,0.06283,0.106976,0.767268,0.081501,y,n,24.35603865,24.24608696,24.12304348,NA,NA
2016,8,23,GR,16,Acsa,Quru,S7,6,3.567239,158.6829,7.082635,0.208512,0.061605,0.007702,0.217942,0.133323,0.737247,0.094081,y,n,24.35603865,24.9026087,24.89782609,NA,NA
2016,8,23,GR,16,Acsa,Quru,S8,6,2.576169,128.368,6.703278,0.238304,0.06636,0.009739,0.169986,0.163687,0.78087,0.098494,y,n,24.35603865,23.14391304,23.47782609,NA,NA
2016,8,23,GR,18,Acsa,Acsa,N1,6,1.572716,15.21748,0.96618,0.09129,0.05438,0.01483,0.08526,0.08388,0.96772,0.05856,y,n,24.35603865,21.38913043,21.26478261,NA,NA
2016,8,24,SF,19,Open,Acsa,N2,6,2.934336,82.92684,3.701524,0.185423,0.039154,0.006013,0.114705,0.145101,0.949613,0.052987,y,n,25.70069565,30.16304348,29.96130435,NA,NA
2016,8,24,SF,19,Open,Acsa,S6,6,4.765937,90.05198,3.74712,0.1222,0.07016,0.01055,0.32365,0.09531,0.64912,0.12766,y,n,25.70069565,27.72869565,27.57652174,NA,NA
2016,8,24,SF,19,Open,Quru,N1,5.11,9.961405,96.20609,3.71607,0.21399,0.04943,0.01136,0.47976,0.16064,0.82306,0.13627,y,n,25.70069565,28.84304348,29.27304348,NA,NA
2016,8,24,SF,19,Open,Quru,S8,6,9.488693,250.3108,9.443422,0.192084,0.063385,0.005381,0.587195,0.10314,0.634128,0.081416,y,n,25.70069565,28.74,28.52521739,NA,NA
2016,8,24,SF,23,Quru,Quru,S8,6,2.023419,124.3493,5.272404,0.188079,0.062367,0.009865,0.125263,0.127129,0.694638,0.134879,y,n,25.70069565,26.0973913,25.70652174,NA,NA
2016,8,24,SF,25,Acsa,Acsa,N3,6,0.9266276,26.71294,1.60607,0.21161,0.04739,0.0168,0.0439,0.18551,0.98669,0.08105,y,n,25.70069565,21.52043478,21.65,NA,NA
2016,8,24,SF,26,Acsa,Acsa,S6,6,3.170295,43.73679,2.417409,0.161659,0.048838,0.009812,0.154336,0.138609,0.953075,0.058279,y,n,25.70069565,24.63391304,24.73173913,NA,NA
2016,8,24,SF,26,Acsa,Quru,N1,6,2.629928,107.7397,4.930488,0.127546,0.064309,0.007212,0.167529,0.093372,0.728498,0.08252,y,n,25.70069565,23.34130435,23.44695652,NA,NA
2016,8,24,SF,27,Acsa,Acsa,N4,6,3.54088,50.168,2.50852,0.13272,0.06183,0.01235,0.21532,0.1124,0.82141,0.11682,y,n,25.70069565,22.53173913,22.34956522,NA,NA
2016,8,24,SF,27,Acsa,Acsa,S7,5.52,3.225244,44.56313,1.55658,0.20493,0.04706,0.02599,0.14839,0.1747,0.78342,0.32817,y,n,25.70069565,24.03304348,24.10565217,NA,NA
2016,8,25,RF,5,Quru,Quru,N4,6,5.985846,255.2033,3.456104,0.130258,0.034589,0.006765,0.198329,0.076032,0.278078,0.269842,y,n,26.89231884,25.88956522,25.83913043,NA,15.7
2016,8,25,RF,5,Quru,Quru,S91,6,11.76742,70.0436,1.722169,0.122361,0.034179,0.009405,0.383014,0.099948,0.824919,0.158105,y,n,26.89231884,28.34217391,28.28217391,NA,21.55
2016,8,25,RF,5,Quru,Quru,S93,6,10.51902,98.24829,1.400919,0.09185,0.015625,0.003729,0.161916,0.06824,0.884503,0.116386,y,n,26.89231884,26.93391304,26.74086957,NA,19.3
2016,9,19,RF,5,Quru,Quru,N4,6,0.9411482,54.93447,2.31209,0.1411,0.04698,0.01078,0.04408,0.11618,0.84444,0.12395,y,n,21.18681159,19.51608696,19.52304348,NA,11
2016,9,19,RF,5,Quru,Quru,S91,6,1.836538,60.76492,3.7217,0.278,0.05316,0.01337,0.0975,0.22014,0.95263,0.08179,y,n,21.18681159,20.93869565,21.37391304,NA,13.2
2016,9,19,RF,5,Quru,Quru,S93,6,2.14352,60.38352,2.8036,0.15486,0.04907,0.00996,0.10468,0.12534,0.87581,0.09821,y,n,21.18681159,22.76347826,22.94565217,NA,18.1
2016,9,21,RF,7,Acsa,Acsa,S8,6,3.848183,32.64023,2.30131,0.1912,0.06415,0.01572,0.2454,0.16638,0.9507,0.08258,y,n,21.03336957,17.87478261,17.88652174,NA,10.75
2016,9,21,RF,7,Acsa,Quru,S2New,6,1.042799,52.22087,3.0431,0.36081,0.04561,0.0167,0.04755,0.29924,0.98754,0.06764,y,n,21.03336957,19.25608696,19.5126087,NA,8.3
2016,9,21,RF,9,Acsa,Acsa,S10,4.73,2.29185,42.81895,2.20379,0.13274,0.05197,0.01063,0.11843,0.1124,0.90004,0.09007,y,n,21.03336957,24.49173913,24.58956522,NA,9.05
2016,9,21,RF,9,Acsa,Acsa,S9,6,3.692914,60.11725,2.90012,0.13937,0.06788,0.01357,0.24514,0.11548,0.75521,0.13648,y,n,21.03336957,22.49130435,22.50869565,NA,8.05
2016,9,24,SF,19,Open,Acsa,N2,6,2.297821,58.97006,2.55882,0.23933,0.04426,0.01512,0.10125,0.19298,0.89184,0.15311,y,n,21.79782609,24.18347826,23.86,NA,14.45
2016,9,24,SF,19,Open,Acsa,S6,6,5.62626,65.36351,3.141767,0.106832,0.051374,0.006252,0.285819,0.086063,0.887321,0.056822,y,n,21.79782609,23.64217391,23.61826087,NA,11
2016,9,24,SF,23,Quru,Quru,S8,6,2.137119,111.5256,1.4216,0.4719,0.1405,0.7003,0.1921,0.4202,-2.6035,18.4313,y,n,21.79782609,22.75652174,22.28913043,NA,6.1
2016,9,24,SF,25,Acsa,Acsa,N3,6,NA,27.04909,1.31945,0.12857,0.03786,0.0105,-0.13317,0.11125,0.9731,0.08089,y,n,21.79782609,20.43956522,20.35217391,NA,9.25
2016,9,24,SF,26,Acsa,Acsa,S6,6,NA,22.5918,1.15564,0.18807,0.03873,0.01665,-0.05028,0.17025,0.99136,0.05114,y,n,21.79782609,20.59,20.48173913,NA,10.5
2016,9,24,SF,26,Acsa,Quru,N1,6,2.283972,63.60022,2.96331,0.11297,0.06706,0.0116,0.15093,0.09235,0.72407,0.11727,y,n,21.79782609,21.35913043,21.25652174,NA,9.5
2016,9,24,SF,27,Acsa,Acsa,N4,6,1.94553,45.56196,1.86545,0.12872,0.0478,0.01231,0.0922,0.10913,0.83438,0.14532,y,n,21.79782609,20.92391304,20.98391304,NA,8.3
2016,9,24,SF,27,Acsa,Acsa,S7,5.36,4.907512,28.60138,0.95772,0.12766,0.04817,0.02756,0.22379,0.11481,0.81527,0.28273,y,n,21.79782609,21.49347826,21.77173913,NA,7.35
2016,9,25,GR,11,Open,Quru,N2,6,NA,159.1544,7.651351,0.260084,0.056299,0.007822,-0.00469,0.154199,0.812597,0.092221,y,n,21.48581522,23.4073913,23.71130435,NA,7.35
2016,9,25,GR,13,Quru,Acsa,N2,5.78,9.695667,26.60782,0.64807,0.08384,0.03334,0.01523,0.29997,0.07616,0.90984,0.16547,y,n,21.48581522,22.65043478,22.49347826,NA,10.75
2016,9,25,GR,15,Quru,Acsa,S7,6,5.197538,49.34711,1.76016,0.11144,0.06015,0.01865,0.295,0.09664,0.7032,0.27289,y,n,21.48581522,21.57826087,21.2826087,NA,10
2016,9,25,GR,16,Acsa,Quru,N2,6,2.302788,144.5575,6.454976,0.11896,0.059212,0.004579,0.135639,0.078137,0.755093,0.05599,y,n,21.48581522,19.4026087,19.57434783,NA,10.75
2016,9,25,GR,16,Acsa,Quru,S7,6,0.9692653,128.8247,6.582966,0.192013,0.060426,0.007059,0.05847,0.131453,0.811585,0.071915,y,n,21.48581522,20.52434783,20.73347826,NA,9.75
2016,9,25,GR,16,Acsa,Quru,S8,6,0.7811998,137.4171,6.367313,0.115565,0.06927,0.005573,0.053963,0.078625,0.674492,0.0676,y,n,21.48581522,19.08956522,19.48043478,NA,8.8
2016,9,25,GR,18,Acsa,Acsa,N1,6,4.006963,33.6163,2.467878,0.090509,0.06525,0.006816,0.260175,0.078464,0.958276,0.034534,y,n,21.48581522,22.13173913,22.20782609,NA,7.1
2016,9,25,GR,18,Acsa,Acsa,S6,6,3.316878,49.43922,2.22766,0.22434,0.07642,0.03648,0.24338,0.18764,0.66138,0.4152,y,n,21.48581522,22.85043478,22.67086957,NA,7.35
2016,10,3,RF,2,Open,Acsa,N5,6,2.433133,48.85682,2.52003,0.16007,0.06846,0.01908,0.16402,0.13181,0.7767,0.1848,y,n,18.82804348,19.23782609,19.23086957,NA,23.3
2016,10,3,RF,2,Open,Acsa,S10,6,1.097435,26.47254,1.68732,0.12102,0.0564,0.01297,0.06177,0.1063,0.94745,0.06895,y,n,18.82804348,18.74782609,18.77347826,NA,18.85
2016,10,3,RF,4,Quru,Quru,S4New,5.51,3.843497,90.23943,4.42588,0.13687,0.07871,0.01093,0.2955,0.10658,0.66732,0.11452,y,n,18.82804348,18.73391304,18.65521739,NA,24.95
2016,10,3,RF,5,Quru,Quru,N4,6,3.800512,75.19106,3.84949,0.16213,0.0855,0.01676,0.31517,0.13023,0.65215,0.16527,y,n,18.82804348,17.69086957,18.28304348,NA,20.1
2016,10,3,RF,5,Quru,Quru,S91,6,3.359753,84.43306,4.35931,0.12188,0.07324,0.00873,0.24229,0.09508,0.73513,0.08607,y,n,18.82804348,18.04782609,18.52,NA,25.5
2016,10,3,RF,5,Quru,Quru,S93,6,0.09803699,64.19263,2.30921,0.09408,0.15882,0.07518,0.01541,0.07904,-0.61007,1.0889,y,n,18.82804348,18.15913043,18.28521739,NA,21.3
2016,10,3,RF,7,Acsa,Acsa,S8,6,5.052445,45.89275,2.29652,0.145636,0.048515,0.008321,0.243058,0.128289,0.928426,0.070896,y,n,18.82804348,19.4873913,19.46086957,NA,26.95
2016,10,3,RF,7,Acsa,Quru,S2New,6,2.269416,148.7065,5.503506,0.105044,0.065186,0.005817,0.14623,0.072292,0.572927,0.086575,y,n,18.82804348,18.34043478,18.78434783,NA,26.45
2016,10,3,RF,9,Acsa,Acsa,S10,4.71,3.472193,54.90938,1.862811,0.091741,0.045338,0.009125,0.154377,0.076231,0.781644,0.132104,y,n,18.82804348,18.93478261,19.15173913,NA,22.3
2016,10,3,RF,9,Acsa,Acsa,S9,6,2.055659,59.6686,2.61214,0.12782,0.0764,0.01916,0.15328,0.10615,0.60539,0.22069,y,n,18.82804348,19.80043478,19.8326087,NA,21.35
2016,10,8,GR,11,Open,Quru,N2,6,3.562609,147.8961,6.315557,0.094113,0.09882,0.008002,0.33989,0.067671,0.370679,0.095138,y,n,14.78850932,15.33826087,16.05652174,NA,16.15
2016,10,8,GR,15,Quru,Acsa,S7,6,15.0418,52.84491,0.49908,0.12744,0.02057,0.02306,0.25459,0.11755,0.79314,0.61607,y,y,14.78850932,14.43869565,14.59652174,NA,18.6
2016,10,8,GR,16,Acsa,Quru,N2,6,0.2399829,97.87209,4.49208,0.1843,0.06287,0.01143,0.01507,0.1368,0.72646,0.13169,y,n,14.78850932,13.88782609,14.13478261,NA,20.6
2016,10,8,GR,16,Acsa,Quru,S7,6,0.2349949,110.5511,5.35803,0.087484,0.063259,0.004359,0.014857,0.062623,0.754686,0.048927,y,n,14.78850932,13.93,14.31304348,NA,18.65
2016,10,8,GR,16,Acsa,Quru,S8,6,0.4271715,147.4055,5.69238,0.19135,0.07945,0.0138,0.03382,0.13211,0.42533,0.20272,y,n,14.78850932,13.40391304,14.17478261,NA,18.85
2016,10,8,GR,18,Acsa,Acsa,N1,6,3.099821,42.75445,1.99667,0.148,0.06495,0.02018,0.19636,0.12789,0.76853,0.19669,y,n,14.78850932,14.77521739,15.12695652,NA,13.95
2016,10,8,GR,18,Acsa,Acsa,S6,5.81,3.221224,51.16847,1.97442,0.14364,0.07599,0.02903,0.2315,0.12223,0.56754,0.36291,y,n,14.78850932,15.28478261,15.6326087,NA,14.2
2016,10,9,SF,19,Open,Acsa,N2,6,3.967204,163.511,3.6135,0.3033,0.1348,0.1088,0.4252,0.2386,-0.9314,1.9517,y,n,14.83347826,14.33,14.92565217,NA,18.6
2016,10,9,SF,19,Open,Acsa,S6,6,3.098602,65.60351,2.44377,0.22592,0.04999,0.01864,0.15255,0.18578,0.76956,0.24524,y,n,14.83347826,14.16565217,14.62347826,NA,25.45
2016,10,9,SF,23,Quru,Quru,S8,5.47,1.382988,167.8124,4.18874,0.11485,0.0908,0.01914,0.12117,0.09243,-0.2195,0.38815,y,y,14.83347826,12.56130435,13.3726087,NA,19.6
2016,10,9,SF,25,Acsa,Acsa,N3,6,3.484569,35.05933,1.9688,0.06284,0.09135,0.01426,0.30263,0.05529,0.71469,0.11194,y,n,14.83347826,14.25043478,14.46478261,NA,23.3
2016,10,9,SF,26,Acsa,Acsa,S6,6,2.088258,25.2597,1.26215,0.06665,0.07866,0.02211,0.15785,0.0598,0.71582,0.19587,y,n,14.83347826,14.7926087,15.43304348,NA,27.2
2016,10,9,SF,26,Acsa,Quru,N1,5.87,0.4796644,85.17787,3.972173,0.096647,0.056072,0.005451,0.026859,0.073113,0.801941,0.062472,y,n,14.83347826,14.95347826,15.08521739,NA,28.95
2016,10,9,SF,27,Acsa,Acsa,N4,6,0.939634,41.70535,1.81695,0.13627,0.06339,0.02226,0.05898,0.11592,0.70674,0.26397,y,n,14.83347826,15.68217391,15.8173913,NA,23.3
